<Window
    xmlns="readiefur.xml_ui.controls"
    Title="Chat App | Configuration"
    MinWidth="350" MinHeight="200"
    Resizable="false"
    Background="{Binding backgroundColour}">
    <Grid>
        <!-- Nested grid so that the margin can be applied. -->
        <Grid Margin="4,4,4,4">
            <!-- The reason for the use of a grid here is because I want each item to be equally spaced across the entire window.
            Whereas a stack panel will top-align everything. -->
            <Grid.RowDefinitions>
                <RowDefinition/>
                <RowDefinition/>
                <RowDefinition/>
                <RowDefinition/>
            </Grid.RowDefinitions>
            <StackPanel Grid.Row="0">
                <Label Text="Initial server address:" Foreground="{Binding foregroundColour}"/>
                <TextBox Name="serverAddress" Background="{Binding backgroundColourAlt}" Foreground="{Binding foregroundColour}"/>
            </StackPanel>
            <StackPanel Grid.Row="1">
                <Label Text="Port:" Foreground="{Binding foregroundColour}"/>
                <TextBox Name="port" Background="{Binding backgroundColourAlt}" Foreground="{Binding foregroundColour}"/>
            </StackPanel>
            <StackPanel Grid.Row="2">
                <Label Text="Username:" Foreground="{Binding foregroundColour}"/>
                <TextBox Name="username" Background="{Binding backgroundColourAlt}" Foreground="{Binding foregroundColour}"/>
            </StackPanel>
            <Button Grid.Row="3" Content="Connect" Click="Connect_Click" HorizontalAlignment="Center"/>
        </Grid>
    </Grid>
</Window>
